drop table public.comment;
drop table public.post
drop table public.reaction
drop table public.user

CREATE TABLE public.COMMENT(
	ID INT NOT NULL GENERATED BY DEFAULT AS IDENTITY ,
	CONTENT TEXT,
	CREATE_AT TIMESTAMP,
	POST_ID INT,
	AUTHOR_ID INT,
	CONSTRAINT PK_COMMENT PRIMARY KEY(ID) 
)

CREATE TABLE public.POST(
	ID INT NOT NULL GENERATED BY DEFAULT AS IDENTITY ,
	AUTHOR_ID INT,
	CREATE_AT TIMESTAMP,
	TITLE VARCHAR(500),
	CONTENT TEXT,
	CONSTRAINT PK_POST PRIMARY KEY(ID) 
)
CREATE TABLE public.REACTION(
	ID INT NOT NULL GENERATED BY DEFAULT AS IDENTITY ,
	CREATE_AT TIMESTAMP,
	POST_ID INT,
	COMMENT_ID INT,
	AUTHOR_ID INT,
	CONSTRAINT PK_REACTION PRIMARY KEY(ID) 
)

CREATE TABLE public.USER (
	ID INT NOT NULL GENERATED BY DEFAULT AS IDENTITY,
    fullname VARCHAR,
    dob VARCHAR,
    username VARCHAR,
    password VARCHAR,
    is_admin boolean DEFAULT false,
	CONSTRAINT PK_USER PRIMARY KEY(ID)
)
	

--
-- PostgreSQL database dump
--

-- Dumped from database version 14.4 (Ubuntu 14.4-1.pgdg20.04+1)
-- Dumped by pg_dump version 14.2

-- Started on 2022-07-10 12:41:40 +07

SET statement_timeout = 0;
SET lock_timeout = 0;
SET idle_in_transaction_session_timeout = 0;
SET client_encoding = 'UTF8';
SET standard_conforming_strings = on;
SELECT pg_catalog.set_config('search_path', '', false);
SET check_function_bodies = false;
SET xmloption = content;
SET client_min_messages = warning;
SET row_security = off;

--
-- TOC entry 4322 (class 0 OID 6659675)
-- Dependencies: 214
-- Data for Name: comment; Type: TABLE DATA; Schema: public; Owner: -
--

INSERT INTO public.comment OVERRIDING SYSTEM VALUE VALUES (1, 'update comment test cua bai post test', '2022-05-22 10:15:06.796153+00', 1, 1);
INSERT INTO public.comment OVERRIDING SYSTEM VALUE VALUES (2, 'test comment', '2022-06-20 20:32:20.168577+00', 10, 5);
INSERT INTO public.comment OVERRIDING SYSTEM VALUE VALUES (3, 'test comment again', '2022-06-20 20:32:42.10532+00', 10, 5);
INSERT INTO public.comment OVERRIDING SYSTEM VALUE VALUES (4, 'test hehe', '2022-06-20 20:33:15.236251+00', 10, 5);
INSERT INTO public.comment OVERRIDING SYSTEM VALUE VALUES (5, '', '2022-06-20 20:34:34.230999+00', 7, 5);
INSERT INTO public.comment OVERRIDING SYSTEM VALUE VALUES (6, 'Thú vị thật không?', '2022-06-21 01:21:25.194599+00', 7, 38);
INSERT INTO public.comment OVERRIDING SYSTEM VALUE VALUES (7, 'Mọi người giúp đỡ nhé', '2022-06-21 01:22:28.156438+00', 11, 38);
INSERT INTO public.comment OVERRIDING SYSTEM VALUE VALUES (8, 'Ok anh bạn, tôi có thể giúp anh', '2022-06-21 01:23:20.960481+00', 11, 39);
INSERT INTO public.comment OVERRIDING SYSTEM VALUE VALUES (9, 'Vào đây nhé: https://github.com/', '2022-06-21 01:23:47.170378+00', 11, 39);
INSERT INTO public.comment OVERRIDING SYSTEM VALUE VALUES (10, 'hi', '2022-06-22 11:57:46.125298+00', 10, 38);
INSERT INTO public.comment OVERRIDING SYSTEM VALUE VALUES (11, 'ok bạn nha', '2022-06-22 13:26:04.394191+00', 11, 40);
INSERT INTO public.comment OVERRIDING SYSTEM VALUE VALUES (12, 'Xin chào bạn', '2022-06-22 13:26:45.791661+00', 12, 40);
INSERT INTO public.comment OVERRIDING SYSTEM VALUE VALUES (13, 'hey hey', '2022-06-24 16:20:24.685934+00', 1, 41);
INSERT INTO public.comment OVERRIDING SYSTEM VALUE VALUES (14, 'chào cậu', '2022-06-24 16:20:53.18751+00', 12, 41);
INSERT INTO public.comment OVERRIDING SYSTEM VALUE VALUES (15, 'hehehe', '2022-07-06 07:54:10.585113+00', 13, 42);
INSERT INTO public.comment OVERRIDING SYSTEM VALUE VALUES (16, 'yeah
', '2022-07-06 07:56:12.439114+00', 14, 42);
INSERT INTO public.comment OVERRIDING SYSTEM VALUE VALUES (17, 'ok nhe1', '2022-07-06 08:12:08.487732+00', 11, 42);
INSERT INTO public.comment OVERRIDING SYSTEM VALUE VALUES (18, 'thu vi that', '2022-07-06 08:12:58.077903+00', 7, 42);
INSERT INTO public.comment OVERRIDING SYSTEM VALUE VALUES (19, 'ok', '2022-07-06 08:42:25.049082+00', 16, 44);


--
-- TOC entry 4320 (class 0 OID 6659584)
-- Dependencies: 212
-- Data for Name: post; Type: TABLE DATA; Schema: public; Owner: -
--

INSERT INTO public.post OVERRIDING SYSTEM VALUE VALUES (1, 1, '2022-05-22 10:11:37.362143+00', 'Update bai post test', 'post test');
INSERT INTO public.post OVERRIDING SYSTEM VALUE VALUES (5, 5, '2022-06-20 19:43:37.699466+00', 'test content third', 'test third');
INSERT INTO public.post OVERRIDING SYSTEM VALUE VALUES (6, 5, '2022-06-20 19:49:55.707322+00', 'content fourth', 'test fourth');
INSERT INTO public.post OVERRIDING SYSTEM VALUE VALUES (7, 5, '2022-06-20 20:01:47.574161+00', 'Chủ đề này sẽ rất thú vị nếu bạn thích', 'Chủ đề thú vị');
INSERT INTO public.post OVERRIDING SYSTEM VALUE VALUES (8, 5, '2022-06-20 20:03:44.043937+00', 'test nữa nè', 'test nữa');
INSERT INTO public.post OVERRIDING SYSTEM VALUE VALUES (10, 5, '2022-06-20 20:18:20.021656+00', 'test hehee', 'test cái nữa');
INSERT INTO public.post OVERRIDING SYSTEM VALUE VALUES (11, 38, '2022-06-21 01:22:10.59482+00', 'Nghe nói phim này khá hay, chỉ là tôi không nhớ nội dung', 'Có ai giúp tôi kiếm phim được không?');
INSERT INTO public.post OVERRIDING SYSTEM VALUE VALUES (12, 40, '2022-06-22 13:26:29.373458+00', 'Hello everyone', 'Xin chào mọi người');
INSERT INTO public.post OVERRIDING SYSTEM VALUE VALUES (13, 42, '2022-07-06 07:53:54.405883+00', 'Chao moi nguoi', 'Hi everyone');
INSERT INTO public.post OVERRIDING SYSTEM VALUE VALUES (14, 42, '2022-07-06 07:56:03.279058+00', 'hello', 'hihi');
INSERT INTO public.post OVERRIDING SYSTEM VALUE VALUES (15, 43, '2022-07-06 07:56:19.888138+00', 'tét', 'tét');
INSERT INTO public.post OVERRIDING SYSTEM VALUE VALUES (16, 44, '2022-07-06 08:41:42.836031+00', 'xin chao', 'xin chao');


--
-- TOC entry 4324 (class 0 OID 6659693)
-- Dependencies: 216
-- Data for Name: reaction; Type: TABLE DATA; Schema: public; Owner: -
--

INSERT INTO public.reaction OVERRIDING SYSTEM VALUE VALUES (22, '2022-06-22 11:54:38.10964+00', 11,1, 38);
INSERT INTO public.reaction OVERRIDING SYSTEM VALUE VALUES (24, '2022-06-22 11:55:01.720961+00', 11,1, 39);
INSERT INTO public.reaction OVERRIDING SYSTEM VALUE VALUES (25, '2022-06-22 11:57:42.87093+00', 10,2, 38);
INSERT INTO public.reaction OVERRIDING SYSTEM VALUE VALUES (27, '2022-06-22 13:25:56.893009+00', 11,3, 40);
INSERT INTO public.reaction OVERRIDING SYSTEM VALUE VALUES (28, '2022-06-22 13:26:41.12704+00', 12,4, 40);
INSERT INTO public.reaction OVERRIDING SYSTEM VALUE VALUES (29, '2022-06-24 16:20:42.734435+00', 1,4, 41);
INSERT INTO public.reaction OVERRIDING SYSTEM VALUE VALUES (30, '2022-06-24 16:20:56.718172+00', 12,7, 41);
INSERT INTO public.reaction OVERRIDING SYSTEM VALUE VALUES (31, '2022-07-06 07:54:15.706904+00', 13,7, 42);
INSERT INTO public.reaction OVERRIDING SYSTEM VALUE VALUES (32, '2022-07-06 07:55:21.330748+00', 12,7, 42);
INSERT INTO public.reaction OVERRIDING SYSTEM VALUE VALUES (37, '2022-07-06 08:06:25.470232+00', 15,7, 42);


--
-- TOC entry 4318 (class 0 OID 6659572)
-- Dependencies: 210
-- Data for Name: user; Type: TABLE DATA; Schema: public; Owner: -
--

INSERT INTO public."user" OVERRIDING SYSTEM VALUE VALUES (1, NULL, NULL, 'test', '$2b$10$5MbMMz4IE17kkp1bW44Hf.f40vOY9mxaCj9RlC5oolOV4gnUEHNey', false);
INSERT INTO public."user" OVERRIDING SYSTEM VALUE VALUES (2, NULL, NULL, 'test2', '$2b$10$kp5q.ZejX0Nt3hdvwVgrGuGa.HRBpM8WFfrhL.2IACuJs0I593DkW', false);
INSERT INTO public."user" OVERRIDING SYSTEM VALUE VALUES (3, NULL, NULL, 'test3', '$2b$10$nUyUEAtyeM.v5jRoDcFasumfQG5yTla9aEYKzwDeSYvBCo9Z4MeCm', false);
INSERT INTO public."user" OVERRIDING SYSTEM VALUE VALUES (4, 'Hoang Tien', '12/02/2002', 'test4', '$2b$10$IehL4ShtGLCv5OAUUY7ELeyh2xrJBwc.DmNg0hmkXmMOphK1f5Cda', false);
INSERT INTO public."user" OVERRIDING SYSTEM VALUE VALUES (5, 'Hoang Tien', '12/02/2002', 'test5', '$2b$10$9u6vSvL4Df0JhVlzFeaJi.32blRSoJrsA.w1vDcBIUdl/XF32DJI2', false);
INSERT INTO public."user" OVERRIDING SYSTEM VALUE VALUES (38, 'Hoàng Tiến', '12/02/2002', 'htien', '$2b$10$Vnw0j.qQWa/ap5JUGViiwexqqVYbyF9BqvAhqY.lQrn2iv/maaiIK', false);
INSERT INTO public."user" OVERRIDING SYSTEM VALUE VALUES (39, 'Tiến Hoàng', '12/02/2002', 'tiennh', '$2b$10$GRdmekQQMLY5i.dAmmMnzOaoFtLkOC7fvJ/IWjmqVNB.d/ZJH..P.', false);
INSERT INTO public."user" OVERRIDING SYSTEM VALUE VALUES (40, 'Nguyen Hoang Tien', '12/02/2001', 'htien2', '$2b$10$EuwgrUkd2rO6czKdZn0HA.EjESm7I07Rgh0hGHjEy/Ojm//riCuNi', false);
INSERT INTO public."user" OVERRIDING SYSTEM VALUE VALUES (41, 'nguyen hoang tien', '12/02/2001', 'htien3', '$2b$10$oHbZVlTGywSgyFea.hAFoOOwIY6gEFR7a0tsjOLu2Fu3hpaW3VecC', false);
INSERT INTO public."user" OVERRIDING SYSTEM VALUE VALUES (42, 'Le Duc Tam', '12/02/2003', 'tamld', '$2b$10$3iwrwkqLJyWhMqN7bci6b.yYvaxlT.2jw5k6KXwNbicupDuS/Z6Xe', false);
INSERT INTO public."user" OVERRIDING SYSTEM VALUE VALUES (43, 'staff1', '1/1/2000', 'staff1', '$2b$10$7xcP0dWZEW2TsgUPUQYeZ.bsiIObiKS7a.QbJtCGcZJlu.pNPbLYS', false);
INSERT INTO public."user" OVERRIDING SYSTEM VALUE VALUES (44, 'Hoang Tien', '12/02/2002', 'nguyenhoangtien', '$2b$10$AyDNQxgV7i0HLnkUMjE2aOOz9CD3Jc0PNKivGQOG1AP8SeB9hJKbu', false);


--
-- TOC entry 4330 (class 0 OID 0)
-- Dependencies: 213
-- Name: comment_id_seq; Type: SEQUENCE SET; Schema: public; Owner: -
--

SELECT pg_catalog.setval('public.comment_id_seq', 19, true);


--
-- TOC entry 4331 (class 0 OID 0)
-- Dependencies: 211
-- Name: post_id_seq; Type: SEQUENCE SET; Schema: public; Owner: -
--

SELECT pg_catalog.setval('public.post_id_seq', 16, true);


--
-- TOC entry 4332 (class 0 OID 0)
-- Dependencies: 215
-- Name: reaction_id_seq; Type: SEQUENCE SET; Schema: public; Owner: -
--

SELECT pg_catalog.setval('public.reaction_id_seq', 42, true);


--
-- TOC entry 4333 (class 0 OID 0)
-- Dependencies: 209
-- Name: user_id_seq; Type: SEQUENCE SET; Schema: public; Owner: -
--

SELECT pg_catalog.setval('public.user_id_seq', 44, true);


-- Completed on 2022-07-10 12:42:13 +07

--
-- PostgreSQL database dump complete
--


